{
  "project_info": {
    "project_number": "126740058412",
    "project_id": "apptransporte-2f4c6",
    "storage_bucket": "apptransporte-2f4c6.appspot.com"
  },
  "client": [
    {
      "client_info": {
        "mobilesdk_app_id": "1:126740058412:android:9d9ce7a46925b0e7e61c89",
        "android_client_info": {
          "package_name": "co.edu.unipiloto.transporteapp"
        }
      },
      "oauth_client": [],
      "api_key": [
        {
          "current_key": "AIzaSyBMGvUGlf105e1u7FdkGuBT30v0L598Da0"
        }
      ],
      "services": {
        "appinvite_service": {
          "other_platform_oauth_client": []
        }
      }
    }
  ],
  "configuration_version": "1"
}